"AFG";"IRN#TJK#CHN#TKM#UZB#PAK";"Iran (Islamic Republic of)#Tajikistan#China#Turkmenistan#Uzbekistan#Pakistan"
"AGO";"COG#COD#ZMB#NAM";"Congo#Democratic Republic of the Congo#Zambia#Namibia"
"ALB";"SRB#GRC#MNE#MKD";"Serbia#Greece#Montenegro#The former Yugoslav Republic of Macedonia"
"AND";"ESP#FRA";"Spain#France"
"ARE";"OMN#SAU";"Oman#Saudi Arabia"
"ARG";"URY#BRA#PRY#BOL#CHL";"Uruguay#Brazil#Paraguay#Bolivia (Plurinational State of)#Chile"
"ARM";"TUR#GEO#IRN#AZE";"Turkey#Georgia#Iran (Islamic Republic of)#Azerbaijan"
"AUT";"SVK#LIE#HUN#CZE#DEU#SVN#CHE#ITA";"Slovakia#Liechtenstein#Hungary#Czech Republic#Germany#Slovenia#Switzerland#Italy"
"AZE";"TUR#ARM#GEO#RUS#IRN";"Turkey#Armenia#Georgia#Russian Federation#Iran (Islamic Republic of)"
"BDI";"RWA#TZA#COD";"Rwanda#United Republic of Tanzania#Democratic Republic of the Congo"
"BEL";"FRA#LUX#NLD#DEU";"France#Luxembourg#Netherlands#Germany"
"BEN";"NGA#BFA#TGO#NER";"Nigeria#Burkina Faso#Togo#Niger"
"BFA";"GHA#NER#MLI#BEN#CIV#TGO";"Ghana#Niger#Mali#Benin#CÃ´te d'Ivoire#Togo"
"BGD";"MMR#IND";"Myanmar#India"
"BGR";"MKD#TUR#ROU#GRC#SRB";"The former Yugoslav Republic of Macedonia#Turkey#Romania#Greece#Serbia"
"BIH";"SRB#HRV#MNE";"Serbia#Croatia#Montenegro"
"BLR";"POL#LTU#UKR#RUS#LVA";"Poland#Lithuania#Ukraine#Russian Federation#Latvia"
"BLZ";"GTM#MEX";"Guatemala#Mexico"
"BOL";"PER#ARG#PRY#BRA#CHL";"Peru#Argentina#Paraguay#Brazil#Chile"
"BRA";"VEN#GUY#BOL#URY#ARG#PER#SUR#PRY#COL";"Venezuela (Bolivarian Republic of)#Guyana#Bolivia (Plurinational State of)#Uruguay#Argentina#Peru#Suriname#Paraguay#Colombia"
"BRN";"MYS";"Malaysia"
"BTN";"IND#CHN";"India#China"
"BWA";"NAM#ZWE#ZAF";"Namibia#Zimbabwe#South Africa"
"CAF";"SDN#COG#COD#TCD#SSD#CMR";"Sudan#Congo#Democratic Republic of the Congo#Chad#South Sudan #Cameroon"
"CAN";"USA";"United States of America"
"CHE";"AUT#FRA#ITA#LIE#DEU";"Austria#France#Italy#Liechtenstein#Germany"
"CHL";"ARG#BOL#PER";"Argentina#Bolivia (Plurinational State of)#Peru"
"CHN";"IND#TJK#RUS#AFG#NPL#PAK#MNG#KGZ#MMR#LAO#KAZ#VNM#PRK#BTN";"India#Tajikistan#Russian Federation#Afghanistan#Nepal#Pakistan#Mongolia#Kyrgyzstan#Myanmar#Lao People's Democratic Republic#Kazakhstan#Viet Nam#Democratic People's Republic of Korea#Bhutan"
"CIV";"MLI#LBR#BFA#GHA#GIN";"Mali#Liberia#Burkina Faso#Ghana#Guinea"
"CMR";"CAF#TCD#GNQ#NGA#COG#GAB";"Central African Republic#Chad#Equatorial Guinea#Nigeria#Congo#Gabon"
"COD";"RWA#AGO#ZMB#CAF#COG#TZA#SSD#BDI#UGA";"Rwanda#Angola#Zambia#Central African Republic#Congo#United Republic of Tanzania#South Sudan #Burundi#Uganda"
"COG";"COD#GAB#CMR#AGO#CAF";"Democratic Republic of the Congo#Gabon#Cameroon#Angola#Central African Republic"
"COL";"PER#VEN#BRA#PAN#ECU";"Peru#Venezuela (Bolivarian Republic of)#Brazil#Panama#Ecuador"
"CRI";"NIC#PAN";"Nicaragua#Panama"
"CZE";"POL#DEU#AUT#SVK";"Poland#Germany#Austria#Slovakia"
"DEU";"POL#BEL#LUX#FRA#CHE#AUT#DNK#NLD#CZE";"Poland#Belgium#Luxembourg#France#Switzerland#Austria#Denmark#Netherlands#Czech Republic"
"DJI";"ETH#ERI#SOM";"Ethiopia#Eritrea#Somalia"
"DNK";"DEU";"Germany"
"DOM";"HTI";"Haiti"
"DZA";"MAR#MRT#MLI#NER#LBY#TUN";"Morocco#Mauritania#Mali#Niger#Libyan Arab Jamahiriya#Tunisia"
"ECU";"COL#PER";"Colombia#Peru"
"EGY";"SDN#LBY#ISR";"Sudan#Libyan Arab Jamahiriya#Israel"
"ERI";"DJI#ETH#SDN";"Djibouti#Ethiopia#Sudan"
"ESP";"FRA#MAR#PRT#AND";"France#Morocco#Portugal#Andorra"
"EST";"RUS#LVA";"Russian Federation#Latvia"
"ETH";"DJI#SOM#KEN#SDN#SSD#ERI";"Djibouti#Somalia#Kenya#Sudan#South Sudan #Eritrea"
"FIN";"SWE#RUS#NOR";"Sweden#Russian Federation#Norway"
"FRA";"ESP#MCO#DEU#AND#LUX#CHE#ITA#BEL";"Spain#Monaco#Germany#Andorra#Luxembourg#Switzerland#Italy#Belgium"
"GAB";"CMR#GNQ#COG";"Cameroon#Equatorial Guinea#Congo"
"GBR";"IRL";"Ireland"
"GEO";"RUS#TUR#AZE#ARM";"Russian Federation#Turkey#Azerbaijan#Armenia"
"GHA";"TGO#CIV#BFA";"Togo#CÃ´te d'Ivoire#Burkina Faso"
"GIN";"LBR#SEN#CIV#SLE#GNB#MLI";"Liberia#Senegal#CÃ´te d'Ivoire#Sierra Leone#Guinea-Bissau#Mali"
"GMB";"SEN";"Senegal"
"GNB";"SEN#GIN";"Senegal#Guinea"
"GNQ";"GAB#CMR";"Gabon#Cameroon"
"GRC";"TUR#MKD#ALB#BGR";"Turkey#The former Yugoslav Republic of Macedonia#Albania#Bulgaria"
"GTM";"HND#BLZ#SLV#MEX";"Honduras#Belize#El Salvador#Mexico"
"GUY";"BRA#VEN#SUR";"Brazil#Venezuela (Bolivarian Republic of)#Suriname"
"HND";"NIC#GTM#SLV";"Nicaragua#Guatemala#El Salvador"
"HRV";"MNE#SVN#SRB#BIH#HUN";"Montenegro#Slovenia#Serbia#Bosnia and Herzegovina#Hungary"
"HTI";"DOM";"Dominican Republic"
"HUN";"AUT#SRB#HRV#ROU#SVN#SVK#UKR";"Austria#Serbia#Croatia#Romania#Slovenia#Slovakia#Ukraine"
"IDN";"TLS#PNG#MYS";"Timor-Leste#Papua New Guinea#Malaysia"
"IND";"MMR#PAK#BTN#CHN#BGD#NPL";"Myanmar#Pakistan#Bhutan#China#Bangladesh#Nepal"
"IRL";"GBR";"United Kingdom"
"IRN";"ARM#TKM#TUR#PAK#AFG#AZE#IRQ";"Armenia#Turkmenistan#Turkey#Pakistan#Afghanistan#Azerbaijan#Iraq"
"IRQ";"JOR#TUR#KWT#SAU#SYR#IRN";"Jordan#Turkey#Kuwait#Saudi Arabia#Syrian Arab Republic#Iran (Islamic Republic of)"
"ISR";"EGY#SYR#LBN#JOR";"Egypt#Syrian Arab Republic#Lebanon#Jordan"
"ITA";"SVN#SMR#FRA#AUT#VAT#CHE";"Slovenia#San Marino#France#Austria#Holy See#Switzerland"
"JOR";"ISR#IRQ#SYR#SAU";"Israel#Iraq#Syrian Arab Republic#Saudi Arabia"
"KAZ";"RUS#TKM#UZB#KGZ#CHN";"Russian Federation#Turkmenistan#Uzbekistan#Kyrgyzstan#China"
"KEN";"ETH#UGA#SOM#TZA#SSD";"Ethiopia#Uganda#Somalia#United Republic of Tanzania#South Sudan "
"KGZ";"KAZ#CHN#TJK#UZB";"Kazakhstan#China#Tajikistan#Uzbekistan"
"KHM";"VNM#LAO#THA";"Viet Nam#Lao People's Democratic Republic#Thailand"
"KOR";"PRK";"Democratic People's Republic of Korea"
"KWT";"IRQ#SAU";"Iraq#Saudi Arabia"
"LAO";"MMR#THA#CHN#KHM#VNM";"Myanmar#Thailand#China#Cambodia#Viet Nam"
"LBN";"ISR#SYR";"Israel#Syrian Arab Republic"
"LBR";"CIV#SLE#GIN";"CÃ´te d'Ivoire#Sierra Leone#Guinea"
"LBY";"DZA#NER#EGY#TUN#TCD#SDN";"Algeria#Niger#Egypt#Tunisia#Chad#Sudan"
"LIE";"CHE#AUT";"Switzerland#Austria"
"LSO";"ZAF";"South Africa"
"LTU";"LVA#POL#RUS#BLR";"Latvia#Poland#Russian Federation#Belarus"
"LUX";"FRA#BEL#DEU";"France#Belgium#Germany"
"LVA";"RUS#BLR#EST#LTU";"Russian Federation#Belarus#Estonia#Lithuania"
"MAR";"DZA#ESP";"Algeria#Spain"
"MCO";"FRA";"France"
"MDA";"UKR#ROU";"Ukraine#Romania"
"MEX";"BLZ#GTM#USA";"Belize#Guatemala#United States of America"
"MKD";"GRC#BGR#SRB#ALB";"Greece#Bulgaria#Serbia#Albania"
"MLI";"BFA#DZA#NER#GIN#CIV#SEN#MRT";"Burkina Faso#Algeria#Niger#Guinea#CÃ´te d'Ivoire#Senegal#Mauritania"
"MMR";"LAO#CHN#THA#BGD#IND";"Lao People's Democratic Republic#China#Thailand#Bangladesh#India"
"MNE";"HRV#BIH#SRB#ALB";"Croatia#Bosnia and Herzegovina#Serbia#Albania"
"MNG";"CHN#RUS";"China#Russian Federation"
"MOZ";"ZAF#SWZ#ZMB#MWI#ZWE#TZA";"South Africa#Swaziland#Zambia#Malawi#Zimbabwe#United Republic of Tanzania"
"MRT";"SEN#DZA#MLI";"Senegal#Algeria#Mali"
"MWI";"ZMB#TZA#MOZ";"Zambia#United Republic of Tanzania#Mozambique"
"MYS";"IDN#BRN#THA";"Indonesia#Brunei Darussalam#Thailand"
"NAM";"BWA#AGO#ZMB#ZAF";"Botswana#Angola#Zambia#South Africa"
"NER";"BEN#LBY#NGA#BFA#MLI#TCD#DZA";"Benin#Libyan Arab Jamahiriya#Nigeria#Burkina Faso#Mali#Chad#Algeria"
"NGA";"BEN#CMR#NER#TCD";"Benin#Cameroon#Niger#Chad"
"NIC";"HND#CRI";"Honduras#Costa Rica"
"NLD";"DEU#BEL";"Germany#Belgium"
"NOR";"FIN#SWE#RUS";"Finland#Sweden#Russian Federation"
"NPL";"IND#CHN";"India#China"
"OMN";"SAU#YEM#ARE";"Saudi Arabia#Yemen#United Arab Emirates"
"PAK";"CHN#IRN#IND#AFG";"China#Iran (Islamic Republic of)#India#Afghanistan"
"PAN";"CRI#COL";"Costa Rica#Colombia"
"PER";"BOL#CHL#ECU#BRA#COL";"Bolivia (Plurinational State of)#Chile#Ecuador#Brazil#Colombia"
"PNG";"IDN";"Indonesia"
"POL";"DEU#BLR#SVK#CZE#LTU#RUS#UKR";"Germany#Belarus#Slovakia#Czech Republic#Lithuania#Russian Federation#Ukraine"
"PRK";"KOR#CHN#RUS";"Republic of Korea#China#Russian Federation"
"PRT";"ESP";"Spain"
"PRY";"BOL#ARG#BRA";"Bolivia (Plurinational State of)#Argentina#Brazil"
"QAT";"SAU";"Saudi Arabia"
"ROU";"BGR#UKR#SRB#HUN#MDA";"Bulgaria#Ukraine#Serbia#Hungary#Republic of Moldova"
"RUS";"UKR#LTU#MNG#NOR#POL#PRK#GEO#FIN#EST#AZE#KAZ#CHN#BLR#LVA";"Ukraine#Lithuania#Mongolia#Norway#Poland#Democratic People's Republic of Korea#Georgia#Finland#Estonia#Azerbaijan#Kazakhstan#China#Belarus#Latvia"
"RWA";"UGA#TZA#COD#BDI";"Uganda#United Republic of Tanzania#Democratic Republic of the Congo#Burundi"
"SAU";"JOR#QAT#IRQ#ARE#OMN#YEM#KWT";"Jordan#Qatar#Iraq#United Arab Emirates#Oman#Yemen#Kuwait"
"SDN";"CAF#LBY#SSD#ETH#ERI#EGY#TCD#CAF#KEN#TCD#ERI#UGA#COD#LBY#ETH#EGY";"Central African Republic#Libyan Arab Jamahiriya#South Sudan #Ethiopia#Eritrea#Egypt#Chad#Central African Republic#Kenya#Chad#Eritrea#Uganda#Democratic Republic of the Congo#Libyan Arab Jamahiriya#Ethiopia#Egypt"
"SEN";"MRT#GMB#GIN#GNB#MLI";"Mauritania#Gambia#Guinea#Guinea-Bissau#Mali"
"SLE";"GIN#LBR";"Guinea#Liberia"
"SLV";"HND#GTM";"Honduras#Guatemala"
"SMR";"ITA";"Italy"
"SOM";"DJI#KEN#ETH";"Djibouti#Kenya#Ethiopia"
"SRB";"HRV#ALB#HUN#MKD#BGR#BIH#ROU#MNE";"Croatia#Albania#Hungary#The former Yugoslav Republic of Macedonia#Bulgaria#Bosnia and Herzegovina#Romania#Montenegro"
"SSD";"UGA#SDN#KEN#COD#ETH#CAF";"Uganda#Sudan#Kenya#Democratic Republic of the Congo#Ethiopia#Central African Republic"
"SUR";"BRA#GUY";"Brazil#Guyana"
"SVK";"HUN#AUT#UKR#POL#CZE";"Hungary#Austria#Ukraine#Poland#Czech Republic"
"SVN";"ITA#AUT#HRV#HUN";"Italy#Austria#Croatia#Hungary"
"SWE";"FIN#NOR";"Finland#Norway"
"SWZ";"MOZ#ZAF";"Mozambique#South Africa"
"SYR";"IRQ#ISR#LBN#JOR#TUR";"Iraq#Israel#Lebanon#Jordan#Turkey"
"TCD";"LBY#NGA#CMR#NER#SDN#CAF";"Libyan Arab Jamahiriya#Nigeria#Cameroon#Niger#Sudan#Central African Republic"
"TGO";"BFA#GHA#BEN";"Burkina Faso#Ghana#Benin"
"THA";"LAO#KHM#MMR#MYS";"Lao People's Democratic Republic#Cambodia#Myanmar#Malaysia"
"TJK";"CHN#KGZ#AFG#UZB";"China#Kyrgyzstan#Afghanistan#Uzbekistan"
"TKM";"AFG#IRN#KAZ#UZB";"Afghanistan#Iran (Islamic Republic of)#Kazakhstan#Uzbekistan"
"TLS";"IDN";"Indonesia"
"TUN";"LBY#DZA";"Libyan Arab Jamahiriya#Algeria"
"TUR";"IRQ#BGR#IRN#AZE#GEO#SYR#ARM#GRC";"Iraq#Bulgaria#Iran (Islamic Republic of)#Azerbaijan#Georgia#Syrian Arab Republic#Armenia#Greece"
"TZA";"UGA#RWA#MOZ#ZMB#KEN#MWI#BDI#COD";"Uganda#Rwanda#Mozambique#Zambia#Kenya#Malawi#Burundi#Democratic Republic of the Congo"
"UGA";"COD#TZA#SSD#KEN#RWA";"Democratic Republic of the Congo#United Republic of Tanzania#South Sudan #Kenya#Rwanda"
"UKR";"HUN#BLR#POL#RUS#ROU#SVK#MDA";"Hungary#Belarus#Poland#Russian Federation#Romania#Slovakia#Republic of Moldova"
"URY";"ARG#BRA";"Argentina#Brazil"
"USA";"MEX#CAN";"Mexico#Canada"
"UZB";"KGZ#TKM#AFG#TJK#KAZ";"Kyrgyzstan#Turkmenistan#Afghanistan#Tajikistan#Kazakhstan"
"VAT";"ITA";"Italy"
"VEN";"COL#GUY#BRA";"Colombia#Guyana#Brazil"
"VNM";"KHM#LAO#CHN";"Cambodia#Lao People's Democratic Republic#China"
"YEM";"OMN#SAU";"Oman#Saudi Arabia"
"ZAF";"LSO#BWA#NAM#MOZ#ZWE#SWZ";"Lesotho#Botswana#Namibia#Mozambique#Zimbabwe#Swaziland"
"ZMB";"ZWE#MWI#MOZ#AGO#NAM#TZA#COD";"Zimbabwe#Malawi#Mozambique#Angola#Namibia#United Republic of Tanzania#Democratic Republic of the Congo"
"ZWE";"ZMB#BWA#ZAF#MOZ";"Zambia#Botswana#South Africa#Mozambique"
